id,absrate1,nsusp1,mobility1,q1mpa1,q2mpa1,q3mpa1,q4mpa1,absrate2,nsusp2,mobility2,q1mpa2,q2mpa2,q3mpa2,q4mpa2,absrate3,nsusp3,mobility3,q1mpa3,q2mpa3,q3mpa3,q4mpa3,absrate4,nsusp4,mobility4,q1mpa4,q2mpa4,q3mpa4,q4mpa4,absrate5,nsusp5,mobility5,q1mpa5,q2mpa5,q3mpa5,q4mpa5,absrate6,nsusp6,mobility6,q1mpa6,q2mpa6,q3mpa6,q4mpa6,absrate7,nsusp7,mobility7,q1mpa7,q2mpa7,q3mpa7,q4mpa7,nograd
1,0.231,0,1,69.19,69.52,71.68,72.44,0.2907,2,2,61.25,64.38,55.63,59.36,0.2666,0,0,73.12,75.61,68.37,72.38,0.3262,0,0,67.24,60.27,74.51,67.19,0.3374,0,2,61.43,67.39,66.04,68.69,0.3037,1,1,65.48,76.19,62.96,71.78,0.2803,3,0,57.0,69.14,73.39,67.43,0
2,0.2946,1,2,87.13,83.43,90.19,89.26,0.3826,2,3,69.79,90.01,76.29,82.52,0.2303,1,0,80.25,83.59,89.99,95.04,0.2595,2,2,76.65,76.4,82.59,85.77,0.3514,2,3,79.76,92.45,82.84,78.74,0.2443,1,1,80.34,89.74,99.62,83.09,0.2767,2,3,77.33,81.41,93.04,81.29,0
3,0.3719,3,4,72.47,79.52,62.17,69.85,0.3761,3,2,68.07,70.74,71.26,59.47,0.283,2,2,88.06,70.96,77.01,64.73,0.3347,1,5,71.18,69.64,72.0,74.92,0.3324,3,2,76.3,80.03,75.71,73.61,0.5465,3,2,63.55,61.81,76.01,77.0,0.3537,3,2,67.2,76.81,75.1,64.68,1
4,0.3365,3,3,67.88,74.24,78.23,67.0,0.4002,4,2,73.34,61.76,91.54,75.78,0.5291,3,3,63.05,61.75,66.65,64.41,0.4225,4,3,68.95,60.43,52.97,75.02,0.4204,3,3,73.79,77.67,67.62,58.87,0.3804,2,2,74.49,69.17,74.78,71.56,0.3683,2,3,75.82,76.32,69.44,65.06,1
5,0.2738,3,1,67.94,58.83,56.59,57.04,0.3115,0,2,68.31,65.71,66.94,70.74,0.3687,1,1,65.16,67.46,53.61,47.71,0.2164,3,1,60.11,72.17,66.27,61.73,0.3111,2,1,70.95,61.3,57.89,58.8,0.2922,3,0,66.62,64.65,60.82,61.45,0.35,1,1,54.67,62.08,63.29,74.89,1
6,0.3639,3,2,89.01,79.7,63.64,79.61,0.3349,4,3,79.98,70.61,72.29,72.44,0.4852,1,3,63.76,86.71,77.86,68.8,0.5079,4,1,68.98,81.56,80.44,78.46,0.4584,4,2,72.94,72.88,67.08,75.78,0.407,4,0,71.31,82.16,58.21,83.8,0.464,3,3,72.46,78.18,72.02,78.6,1
7,0.2635,3,2,80.63,85.24,70.58,60.36,0.3151,2,1,79.47,74.86,68.05,75.72,0.3513,1,1,77.77,67.11,74.7,76.3,0.4215,1,0,65.48,65.95,69.42,69.54,0.2927,2,1,65.4,67.19,73.01,57.62,0.4344,2,2,58.28,66.55,61.31,77.77,0.4178,2,2,69.27,68.14,75.28,69.38,0
8,0.1055,1,0,69.41,70.05,58.84,75.35,0.1667,2,0,71.15,68.0,70.63,60.62,0.1171,0,0,62.48,78.41,65.81,69.98,0.1543,0,0,70.12,63.05,70.13,75.31,0.2144,0,0,65.01,73.45,71.23,67.96,0.2542,1,1,62.31,56.27,71.94,68.43,0.2048,1,0,73.99,58.55,62.15,74.09,0
9,0.3415,0,0,63.59,49.86,55.81,59.18,0.3126,2,1,52.7,49.57,59.26,61.83,0.2691,1,0,63.74,67.75,60.14,63.32,0.3157,1,1,52.15,67.0,49.38,64.73,0.3619,2,2,55.15,60.2,54.16,47.51,0.2987,1,0,58.15,58.99,59.68,60.49,0.3537,1,0,45.65,60.58,63.92,56.15,0
10,0.0276,1,1,88.06,89.19,87.23,86.42,0.003,0,0,89.58,90.29,100.0,91.09,0.0447,1,0,89.05,96.35,79.48,100.0,0.1892,1,0,75.51,89.4,90.27,84.12,0.1034,0,0,93.58,87.97,100.0,90.78,0.1669,1,1,80.97,81.8,98.33,88.13,0.1272,2,0,96.46,83.59,80.18,100.0,0
11,0.1972,0,0,58.86,62.03,60.73,56.2,0.198,1,2,46.77,61.22,51.45,65.22,0.2317,2,1,56.69,42.89,51.16,55.42,0.2883,1,0,48.6,53.02,57.29,56.36,0.2517,2,1,51.96,61.21,51.74,51.97,0.3128,0,1,48.41,51.67,51.09,56.47,0.2907,1,2,47.86,61.96,57.88,57.26,0
12,0.429,2,3,57.04,54.49,60.53,49.47,0.4971,3,4,49.59,51.05,62.03,56.39,0.4297,3,3,61.99,66.83,59.83,55.23,0.4338,3,1,50.1,62.42,69.76,54.33,0.4481,2,2,64.7,52.48,49.63,62.16,0.4506,3,4,54.26,56.87,66.18,66.12,0.5986,3,2,55.09,61.68,56.7,52.82,1
13,0.4628,2,2,44.99,60.11,52.27,40.26,0.3362,3,3,46.27,45.62,56.33,54.54,0.2697,1,2,65.51,53.02,71.96,59.94,0.2815,2,3,61.11,53.38,35.34,52.84,0.3234,2,3,59.13,53.81,44.34,53.71,0.3431,3,2,50.03,47.95,59.87,49.59,0.377,3,2,49.21,64.48,49.44,46.99,1
14,0.3051,4,3,72.25,66.78,70.83,79.68,0.3223,3,1,75.84,67.65,81.25,71.06,0.3589,3,0,60.68,69.46,73.38,67.34,0.3567,1,2,74.97,80.59,74.06,68.8,0.353,2,2,64.96,77.53,69.16,68.89,0.3787,2,2,65.71,74.26,83.43,64.72,0.35,2,2,68.61,73.07,72.08,58.36,0
15,0.3307,1,1,65.4,59.37,50.75,62.74,0.2592,1,0,74.29,63.34,60.81,64.71,0.3421,2,1,46.2,70.5,62.7,57.7,0.3288,1,2,62.61,57.74,73.13,67.83,0.3479,4,2,61.29,55.51,60.62,67.36,0.3981,2,1,52.24,59.97,49.92,52.97,0.3495,4,2,61.67,50.83,56.09,47.94,1
16,0.4215,4,2,63.66,82.0,76.24,59.47,0.4356,3,1,69.4,82.35,67.85,68.21,0.424,2,1,66.93,73.68,72.63,69.1,0.5123,4,3,70.94,66.96,76.46,76.97,0.4367,3,3,70.53,78.29,68.27,78.66,0.4129,5,4,82.72,85.09,78.64,63.95,0.664,3,2,77.14,76.58,69.26,59.23,1
17,0.3735,3,4,69.87,54.38,62.32,68.18,0.3831,3,2,64.5,69.43,72.71,65.65,0.4457,4,3,69.32,58.8,54.53,70.32,0.3879,3,3,73.48,71.75,53.95,76.08,0.319,3,4,65.38,77.31,75.06,52.04,0.3629,2,3,78.93,78.61,60.65,72.54,0.4413,3,2,61.13,71.75,71.82,75.91,1
18,0.4584,4,4,43.75,45.62,46.22,43.5,0.4531,3,2,46.66,40.82,43.67,49.06,0.4041,2,2,41.25,50.0,40.96,54.6,0.5181,4,3,47.14,35.99,25.66,46.21,0.3747,3,2,40.71,49.8,46.3,55.44,0.4566,3,4,39.86,43.64,53.35,45.1,0.4711,3,2,32.82,38.47,35.92,44.14,1
19,0.2166,1,0,68.87,61.96,67.25,66.74,0.2554,2,1,60.88,49.86,53.61,58.72,0.2576,2,0,69.3,61.67,48.57,58.56,0.1716,0,2,69.86,76.9,68.16,70.73,0.2781,2,0,55.78,70.99,46.52,64.81,0.2706,3,1,61.94,54.98,63.77,68.66,0.2955,1,2,56.26,59.47,64.49,61.3,0
20,0.2097,2,1,65.18,75.31,74.56,78.43,0.3363,1,2,64.74,72.36,70.15,82.52,0.2358,2,1,65.98,71.76,71.02,65.79,0.305,1,2,75.85,76.4,72.22,73.32,0.3667,2,1,61.74,74.97,58.88,80.71,0.3215,3,1,74.06,62.06,59.39,64.0,0.3476,2,0,80.03,60.56,61.31,72.06,0
21,0.2814,2,1,80.21,79.09,82.03,81.12,0.3782,1,3,79.37,63.51,74.67,78.0,0.2626,1,1,74.22,78.67,70.08,77.89,0.2766,3,1,67.59,66.76,79.6,66.72,0.381,2,1,77.4,79.73,75.15,69.83,0.3793,2,1,80.93,62.89,66.72,67.41,0.3213,2,2,69.82,77.61,65.36,70.94,0
22,0.1518,2,0,52.17,52.39,59.26,44.95,0.2049,0,1,49.44,57.6,45.03,47.78,0.2404,1,0,46.82,50.04,42.23,62.6,0.1641,0,0,45.55,69.33,53.48,49.39,0.2886,1,0,58.31,54.0,41.33,55.33,0.2157,0,0,48.64,56.95,51.44,57.21,0.2824,1,0,53.93,61.52,56.27,59.41,1
23,0.0508,0,0,93.45,96.21,81.01,92.16,0.0389,0,1,91.63,98.1,88.73,100.0,0.0407,0,0,84.21,94.2,85.67,100.0,0.0512,0,1,74.06,87.83,95.5,80.07,0.0754,1,1,82.38,98.3,95.81,91.42,0.1285,0,2,92.76,94.14,92.92,87.05,0.1286,1,1,89.29,88.64,100.0,85.67,0
24,0.2803,3,2,73.17,88.5,89.75,81.33,0.2501,2,3,74.62,81.45,81.5,84.06,0.2633,2,0,89.82,81.2,85.08,91.49,0.2227,1,2,91.44,92.58,83.56,83.99,0.2923,2,2,83.04,75.8,82.17,91.67,0.3081,1,2,89.72,84.19,96.18,85.95,0.3119,1,2,74.18,83.71,86.38,73.26,0
25,0.1485,0,3,67.65,58.08,64.73,67.48,0.205,2,1,66.24,57.57,57.9,69.0,0.1628,2,2,54.95,63.72,63.7,67.54,0.2293,0,3,53.42,61.23,68.04,57.44,0.2877,1,0,50.36,52.12,56.0,65.99,0.2839,1,1,55.48,52.1,70.39,61.17,0.3056,2,3,53.33,63.56,59.52,47.68,1
26,0.0798,0,2,89.58,80.69,89.7,76.87,0.0724,1,0,84.06,74.9,76.92,82.15,0.1144,1,0,74.57,75.85,87.62,81.81,0.1509,1,0,87.7,77.37,90.29,90.02,0.1698,0,2,87.58,85.65,77.72,81.06,0.1689,2,0,75.32,64.4,71.37,70.06,0.1884,1,1,88.91,88.26,81.47,72.14,0
27,0.1714,1,0,71.13,74.05,70.64,82.1,0.1054,0,0,84.71,68.71,73.94,73.39,0.0713,1,1,76.86,77.95,78.92,71.21,0.1997,2,0,73.12,66.26,64.89,64.15,0.108,1,0,74.63,78.21,73.34,69.06,0.1308,1,0,74.76,72.67,82.99,76.68,0.1596,0,0,79.69,65.92,75.16,71.03,0
28,0.2763,2,1,70.21,69.97,75.95,63.48,0.3567,4,0,65.85,66.17,56.31,59.44,0.2904,3,2,68.32,58.54,71.22,65.39,0.374,2,3,60.47,74.89,56.89,64.79,0.3225,2,3,63.55,70.57,65.21,64.89,0.3521,3,1,55.59,65.0,67.48,57.86,0.3989,1,1,70.72,61.94,63.98,63.41,0
29,0.1441,1,2,72.33,74.99,67.67,83.46,0.1186,0,1,79.25,76.85,72.19,82.25,0.1288,0,0,83.48,85.95,92.51,75.21,0.138,1,0,72.11,68.22,76.02,67.81,0.2804,1,1,59.53,68.96,68.13,52.76,0.2716,1,0,68.24,61.31,74.16,77.81,0.2645,1,1,68.48,72.95,68.97,75.58,0
30,0.2808,1,1,53.83,59.02,59.53,51.8,0.2701,1,2,61.52,53.33,49.64,65.31,0.1953,0,1,57.64,60.53,68.65,63.09,0.3432,2,2,51.02,47.15,43.8,64.92,0.2812,2,1,48.65,66.25,52.85,65.61,0.222,1,2,53.8,63.58,57.5,65.22,0.1418,1,1,56.71,53.59,54.3,60.51,1
31,0.0835,0,0,76.02,62.46,72.02,64.0,0.1776,0,0,79.61,72.75,65.4,62.77,0.045,0,0,62.7,81.2,75.66,80.73,0.1491,1,0,57.77,73.48,87.45,69.54,0.2453,1,2,81.92,66.13,89.42,63.03,0.2029,1,0,72.64,74.5,75.29,77.67,0.1741,2,0,62.39,70.72,66.5,79.11,0
32,0.13,1,0,87.51,82.8,87.87,83.5,0.0122,0,0,82.54,80.01,91.23,89.46,0.0911,1,1,78.0,82.99,87.22,88.91,0.152,1,1,88.67,91.36,77.2,78.35,0.1267,1,0,79.3,83.38,94.11,85.09,0.1721,0,0,81.61,82.83,76.37,81.47,0.2406,1,0,79.61,82.4,88.29,86.56,0
33,0.3055,2,2,65.43,65.69,82.47,74.97,0.1972,1,2,95.19,79.46,93.77,86.39,0.1966,2,2,60.33,74.11,72.85,84.61,0.332,2,1,70.52,65.72,65.27,72.13,0.3285,3,0,70.86,72.84,73.28,78.16,0.3607,1,1,77.63,71.05,72.48,79.74,0.4073,2,2,66.03,73.7,58.92,76.74,0
34,0.4173,3,1,43.74,43.65,53.7,48.22,0.3678,3,0,38.7,50.35,39.71,37.33,0.402,3,2,46.83,56.11,47.35,51.85,0.3299,1,2,62.31,44.36,41.64,37.0,0.3625,2,1,51.97,31.86,46.43,41.14,0.5215,3,1,46.21,36.42,41.31,41.7,0.3298,1,2,44.7,46.38,42.88,45.93,1
35,0.0963,0,0,82.71,72.9,95.16,96.24,0.144,3,3,69.48,74.93,70.8,71.6,0.0816,0,0,86.91,78.23,85.35,73.84,0.109,2,0,84.77,64.89,72.45,81.94,0.1711,1,0,92.28,71.19,73.9,80.47,0.1938,1,0,70.92,68.33,75.93,88.55,0.2228,0,1,87.56,82.52,86.55,63.02,0
36,0.1434,0,0,65.8,64.77,81.96,76.61,0.1563,0,0,67.95,68.57,69.51,70.08,0.1771,1,1,73.28,69.91,90.37,84.52,0.1586,1,0,75.49,75.02,75.72,76.62,0.1676,0,0,78.54,67.78,79.42,79.39,0.186,1,0,79.34,63.9,77.72,75.95,0.1941,1,1,78.95,61.79,76.8,60.45,0
37,0.1589,0,0,58.19,71.12,64.56,64.64,0.0632,1,0,67.16,56.7,58.91,48.5,0.1487,1,0,68.68,45.75,65.25,51.01,0.1831,2,0,36.02,53.52,60.19,55.92,0.1534,2,1,52.61,54.67,52.86,51.47,0.3144,0,2,44.61,57.61,52.07,51.2,0.2289,0,1,57.78,53.73,46.98,55.56,0
38,0.2496,2,1,54.0,41.18,45.2,53.44,0.261,1,0,44.87,52.49,46.84,50.7,0.4125,0,0,44.75,43.88,48.9,44.09,0.3152,1,1,44.82,47.66,47.35,52.3,0.3032,1,1,51.19,53.28,45.9,39.2,0.2543,0,2,62.08,37.33,54.66,55.23,0.4199,2,3,38.9,40.1,52.35,34.18,1
39,0.407,3,1,44.99,46.05,41.99,56.39,0.3742,2,2,47.96,40.93,54.07,45.79,0.373,2,1,43.57,52.84,49.75,59.63,0.3995,1,2,50.36,45.67,54.83,47.34,0.4025,2,4,57.05,48.05,46.3,50.21,0.4877,2,1,49.29,32.13,48.15,49.41,0.3673,3,1,46.45,44.47,52.74,51.79,1
40,0.013,1,2,83.4,76.65,77.48,68.86,0.143,0,0,69.4,65.89,67.59,82.53,0.165,0,0,67.16,75.49,70.16,72.41,0.1936,1,0,64.62,70.38,63.66,62.71,0.1106,0,0,68.64,70.94,67.94,72.35,0.0608,1,1,74.0,77.09,66.88,73.1,0.1977,0,0,64.62,64.6,66.61,74.83,0
41,0.1805,1,1,86.69,87.03,92.07,76.2,0.1547,1,1,77.08,76.15,66.61,61.6,0.166,1,0,89.89,89.14,85.38,86.87,0.2291,2,1,69.91,80.1,69.05,86.08,0.226,1,1,76.28,80.41,89.64,85.2,0.3048,1,0,81.89,81.55,81.37,67.51,0.2345,1,1,73.41,84.45,81.24,86.66,0
42,0.1824,1,3,66.53,67.92,78.77,61.81,0.1672,1,1,70.21,70.77,67.99,69.57,0.1759,2,1,74.41,64.08,70.31,77.21,0.1232,3,3,68.25,50.81,78.06,64.4,0.2112,1,1,54.3,66.85,56.41,57.64,0.2169,1,2,57.05,56.02,72.51,70.31,0.2645,1,2,62.88,75.87,64.83,63.51,0
43,0.1426,1,0,72.76,69.42,82.96,66.37,0.2502,1,1,66.98,65.96,77.05,74.49,0.2729,2,1,65.48,69.61,64.25,64.09,0.217,2,3,65.53,76.33,66.94,73.22,0.3054,2,0,73.95,65.42,73.92,64.39,0.2524,2,1,65.59,65.16,61.95,54.68,0.3194,2,2,66.84,63.73,61.09,58.89,0
44,0.3095,2,2,53.62,49.67,48.12,52.21,0.2305,1,3,59.56,55.66,66.56,64.2,0.2409,4,2,55.38,51.64,54.79,43.79,0.3254,3,1,57.03,43.76,49.03,58.98,0.3523,2,4,57.25,59.88,50.45,58.39,0.4125,0,2,69.6,53.25,63.21,64.02,0.3462,3,2,34.85,51.11,49.77,55.57,1
45,0.3629,2,1,47.49,49.37,46.36,38.46,0.3827,2,2,44.69,34.28,34.68,47.66,0.4425,2,2,30.16,41.42,38.29,46.08,0.4655,2,2,38.94,28.83,46.95,46.45,0.537,5,1,30.46,31.38,28.23,40.01,0.5028,4,1,46.44,37.01,34.52,37.19,0.5032,3,1,38.34,28.23,36.66,33.28,1
46,0.2903,2,2,47.6,45.0,52.42,60.12,0.4228,1,1,48.99,42.62,46.44,55.45,0.35,3,1,53.32,51.16,45.46,53.96,0.2708,3,2,47.51,62.33,46.19,57.33,0.3377,3,2,56.72,39.69,50.12,36.99,0.3509,3,1,47.82,48.53,43.8,50.33,0.4269,1,2,49.16,42.32,38.71,48.83,1
47,0.344,2,3,70.22,68.42,57.4,60.23,0.2744,2,2,72.13,73.04,71.59,67.9,0.3402,2,1,67.88,65.41,52.66,61.72,0.2694,2,2,65.84,55.76,66.41,67.45,0.292,2,2,62.61,61.76,68.35,66.37,0.3972,3,0,70.81,61.94,57.51,61.36,0.3033,2,1,58.75,64.91,63.18,57.39,1
48,0.2813,2,2,55.66,80.1,80.72,65.48,0.3373,1,1,72.61,70.83,84.98,77.61,0.3648,3,2,62.59,74.68,69.63,71.9,0.3927,2,1,67.1,65.08,69.65,72.82,0.3177,2,1,67.51,68.96,77.27,68.64,0.3144,2,2,76.87,65.66,62.96,62.36,0.4805,2,1,72.59,51.99,67.66,59.83,0
49,0.1956,1,2,55.79,58.93,30.62,59.16,0.2029,1,2,57.93,54.92,60.59,55.91,0.2481,0,2,45.91,60.45,64.33,60.02,0.1978,2,1,62.28,51.65,50.48,52.73,0.3323,1,0,59.42,56.38,54.93,53.94,0.254,1,0,61.63,62.13,65.52,48.46,0.3095,1,2,47.45,60.38,42.42,59.12,0
50,0.1507,1,2,81.95,94.72,83.3,93.45,0.2654,2,0,82.04,89.13,83.1,85.55,0.2294,2,2,76.59,65.37,94.75,83.23,0.1881,2,0,84.28,91.01,86.05,81.37,0.2316,3,1,91.5,88.4,85.14,71.03,0.134,0,1,92.43,89.94,88.12,88.07,0.1985,0,1,81.04,80.15,91.7,92.03,0
51,0.3587,3,2,81.14,78.11,74.91,78.71,0.3501,1,1,86.79,84.33,73.87,74.62,0.3147,2,2,76.28,82.25,81.32,82.4,0.415,2,1,74.95,80.59,83.95,78.49,0.4058,3,1,76.74,69.73,66.86,74.81,0.3328,2,2,81.3,73.55,72.17,82.72,0.4475,3,3,85.6,68.37,78.35,72.58,0
52,0.1378,0,0,67.6,69.38,59.27,49.09,0.1414,0,1,65.7,55.28,66.19,55.75,0.2052,0,0,58.78,62.01,49.67,56.57,0.1921,2,2,67.37,53.68,60.52,60.59,0.1089,1,0,51.03,59.15,74.14,61.94,0.1951,0,1,58.07,66.35,67.25,51.09,0.2029,0,0,60.92,49.7,53.28,72.77,0
53,0.2105,2,0,70.85,64.43,64.69,65.25,0.2796,1,1,70.17,61.96,66.53,76.41,0.298,1,1,60.14,63.74,72.6,64.19,0.2907,3,3,50.39,66.03,60.95,68.48,0.3218,2,1,53.15,63.48,49.67,66.08,0.2207,1,2,75.69,76.89,68.48,66.25,0.3251,0,1,73.39,75.05,61.21,64.39,1
54,0.0608,1,1,86.36,69.4,71.42,81.68,0.2189,1,0,67.19,72.66,55.0,62.75,0.123,0,0,81.23,85.84,76.03,74.71,0.1842,0,0,77.85,73.16,74.78,67.68,0.1895,0,0,76.97,72.66,80.04,67.39,0.0996,1,1,66.92,62.8,66.86,80.13,0.2111,1,3,77.92,62.14,60.35,69.63,0
55,0.237,0,1,74.0,77.09,74.02,80.63,0.1362,1,1,82.02,84.48,81.15,75.18,0.1726,0,0,81.67,92.21,78.75,71.58,0.2341,1,0,83.39,82.57,79.97,92.41,0.2799,2,0,79.94,70.93,86.0,73.51,0.2949,1,1,83.26,73.01,84.65,72.5,0.4032,2,0,74.03,70.05,77.78,86.1,0
56,0.3037,1,1,60.02,51.95,43.2,47.84,0.2606,2,1,50.28,46.06,50.68,42.49,0.3595,2,0,42.32,53.47,45.85,51.44,0.3028,2,1,50.93,45.16,44.77,40.65,0.2814,1,2,55.85,47.88,49.14,53.67,0.2769,1,0,44.21,62.93,57.3,51.18,0.3886,2,3,41.76,42.57,49.09,45.92,1
57,0.1227,0,1,78.95,80.45,82.0,92.02,0.1515,2,1,72.53,81.22,70.99,75.88,0.1204,0,0,91.59,79.82,78.12,79.73,0.189,2,1,79.35,79.15,80.39,79.67,0.1581,2,1,87.53,77.34,79.63,73.42,0.2603,1,1,70.1,64.32,81.73,68.48,0.219,1,0,74.99,77.78,82.66,83.38,0
58,0.1709,2,0,73.21,72.43,69.53,75.56,0.2471,1,1,54.66,66.5,65.12,61.06,0.2681,2,1,59.44,51.11,69.0,63.56,0.2074,2,1,76.85,67.95,65.99,68.03,0.2915,0,1,69.37,62.61,64.82,58.63,0.2536,2,2,66.14,65.42,65.91,62.5,0.2455,0,1,56.42,48.42,57.76,62.04,0
59,0.098,1,0,69.01,79.15,67.7,76.91,0.114,1,2,82.13,63.78,81.03,77.72,0.1231,0,0,85.04,71.93,78.56,64.54,0.1558,1,0,78.72,78.3,71.4,70.64,0.1449,1,1,78.21,69.37,69.66,69.01,0.1884,1,0,76.56,73.76,64.22,74.56,0.1363,1,0,70.55,73.94,69.08,67.03,0
60,0.3139,2,2,87.08,78.56,76.07,75.89,0.2976,1,2,83.39,71.24,86.61,85.58,0.3709,1,2,72.27,70.47,65.67,84.38,0.371,4,2,77.86,67.58,59.28,73.14,0.2476,1,2,87.41,71.91,74.82,76.36,0.4154,3,1,71.99,91.01,81.48,73.15,0.2631,2,1,75.05,76.66,68.22,76.92,0
61,0.2864,3,3,64.21,72.75,63.32,63.35,0.2908,1,3,60.08,64.65,59.42,74.14,0.3594,4,2,54.09,65.06,62.04,59.38,0.3671,3,2,63.01,75.48,61.07,57.99,0.4947,3,3,67.33,58.62,46.5,59.08,0.3143,2,0,64.08,75.67,72.09,63.46,0.5209,2,2,60.21,60.47,69.59,63.08,0
62,0.2627,1,1,76.28,88.37,81.87,87.41,0.3216,3,3,72.9,82.62,74.61,76.63,0.2917,3,2,75.02,81.93,83.38,92.99,0.345,2,1,73.48,76.28,80.18,73.42,0.2967,2,1,80.11,77.55,79.67,81.13,0.3434,2,2,79.15,71.03,91.12,78.76,0.4821,3,0,78.05,66.49,67.4,82.85,0
63,0.2952,3,4,53.89,52.0,68.57,58.45,0.3685,3,4,61.96,56.97,66.0,56.04,0.3949,3,3,44.63,54.78,58.89,47.65,0.3996,3,1,67.37,53.37,61.45,63.29,0.389,3,3,49.67,53.49,55.53,57.31,0.4682,3,3,51.71,48.31,49.75,48.44,0.3988,2,4,65.75,68.16,66.25,58.3,1
64,0.1728,1,2,83.89,81.4,71.2,82.51,0.2402,3,0,72.7,67.28,81.35,70.93,0.2609,1,0,71.93,81.77,74.72,76.38,0.1596,0,2,77.33,80.87,83.42,93.3,0.2875,3,2,62.03,91.23,63.57,64.22,0.288,2,1,72.83,66.55,72.32,76.95,0.3867,2,2,67.87,62.64,73.96,68.26,0
65,0.2418,1,1,79.72,57.76,74.08,76.24,0.2942,1,1,64.94,75.49,71.75,75.68,0.2755,1,0,67.05,70.23,66.58,69.4,0.259,2,1,59.76,71.81,73.79,62.37,0.3246,1,1,60.77,68.77,77.92,66.33,0.2431,0,1,61.4,70.85,77.79,61.37,0.3427,2,0,65.95,73.64,61.57,74.99,0
66,0.2191,1,1,68.03,72.0,63.48,59.82,0.1857,2,0,63.72,58.43,71.9,55.16,0.1686,1,0,63.17,61.22,58.13,61.98,0.2525,0,1,72.78,62.17,58.92,68.71,0.2571,1,2,70.13,66.79,69.85,59.09,0.2632,1,2,64.23,58.3,61.18,66.21,0.2269,1,2,68.91,71.49,74.4,74.85,0
67,0.143,0,2,55.69,51.69,49.97,60.58,0.2408,1,0,54.21,42.24,53.28,38.37,0.1728,0,0,47.77,45.33,56.15,54.46,0.2386,1,2,43.23,49.82,51.73,52.37,0.2289,1,1,42.76,55.79,55.3,56.32,0.3399,2,0,40.7,39.0,44.04,46.78,0.2854,2,1,40.72,37.83,41.22,47.62,0
68,0.3091,1,2,43.76,52.24,57.89,50.51,0.2336,3,1,44.77,41.69,44.49,49.8,0.3283,3,1,47.15,42.71,53.97,44.49,0.3125,1,1,43.64,46.64,46.24,53.92,0.3639,0,0,39.6,39.17,52.0,51.06,0.3809,1,2,43.08,36.78,55.34,60.63,0.3332,2,2,42.82,50.18,47.75,47.52,1
69,0.2054,1,3,65.27,64.85,63.9,72.13,0.3095,2,2,58.23,60.0,65.04,68.52,0.2217,2,3,85.46,68.16,61.08,60.21,0.3025,2,1,69.26,67.63,71.71,52.12,0.2996,2,1,62.21,72.54,61.22,64.39,0.2932,3,2,74.31,59.41,76.03,59.67,0.2916,1,3,65.11,68.25,56.03,73.87,0
70,0.1388,1,1,69.97,71.04,75.95,77.86,0.0688,1,0,80.4,77.66,73.41,69.96,0.1027,0,1,69.97,82.46,69.93,79.59,0.081,0,0,74.92,77.96,73.77,82.77,0.1933,2,0,58.44,58.66,59.76,65.16,0.1579,0,0,85.4,70.32,76.72,66.05,0.2777,0,0,76.63,79.22,72.13,60.21,0
71,0.3844,2,1,63.89,65.88,61.75,56.38,0.3221,2,3,63.76,70.48,58.46,59.12,0.3691,3,1,69.22,59.29,64.07,65.83,0.3886,3,2,60.12,66.39,56.83,61.99,0.476,4,2,62.1,67.9,54.9,44.93,0.4236,2,3,54.35,57.61,59.49,58.19,0.3932,3,1,61.19,54.02,65.76,63.94,1
72,0.4437,4,2,33.09,37.48,30.35,32.84,0.3942,3,2,37.43,48.46,41.93,42.63,0.4311,4,1,31.19,40.17,38.36,37.46,0.4831,3,4,36.09,44.02,41.05,32.34,0.53,3,2,37.0,34.38,26.23,45.11,0.4149,3,3,51.23,44.15,37.5,38.49,0.4932,3,2,40.51,29.13,25.56,34.96,1
73,0.1879,1,1,58.52,45.5,65.59,57.94,0.1195,2,0,66.95,70.94,56.79,56.3,0.086,0,0,73.2,56.23,64.71,61.82,0.1569,1,0,68.86,52.26,59.76,69.9,0.2229,0,0,63.91,58.88,66.07,63.87,0.181,0,1,61.89,67.33,64.43,58.51,0.1849,2,0,72.27,71.2,54.92,59.12,0
74,0.2023,2,0,72.08,77.65,87.9,79.4,0.1851,1,1,85.31,84.28,78.92,70.97,0.2245,2,1,82.99,85.29,56.5,67.08,0.2293,2,0,88.7,82.03,84.76,81.33,0.2542,0,1,78.13,81.62,76.17,81.99,0.2351,2,1,79.03,70.17,85.3,77.17,0.2802,2,1,75.35,84.01,73.71,76.54,0
75,0.3539,3,2,57.49,53.45,57.22,54.19,0.3021,3,1,50.28,51.87,58.66,57.46,0.2403,1,4,60.59,69.46,64.19,57.3,0.2503,3,5,59.5,46.27,59.27,50.32,0.3247,2,4,67.02,49.66,57.24,53.81,0.4158,3,3,51.67,47.06,59.3,39.68,0.4326,3,2,56.65,51.61,51.96,47.67,1
76,0.437,4,2,34.78,35.54,46.71,33.33,0.4468,2,3,50.97,49.95,56.16,49.91,0.4553,2,2,44.92,33.49,39.31,40.31,0.4415,3,3,41.28,41.7,47.26,41.35,0.4997,3,2,39.42,27.28,36.14,36.22,0.5481,3,2,42.65,40.88,35.05,55.0,0.6401,4,2,35.04,31.02,35.07,32.99,1
77,0.1077,1,0,68.45,82.09,83.6,75.24,0.1612,1,0,75.15,83.07,84.3,78.24,0.1627,0,0,71.5,76.14,78.56,81.76,0.0593,1,0,73.05,87.7,90.1,80.46,0.2361,1,0,80.82,77.29,75.38,80.79,0.1224,0,0,84.8,79.74,87.35,82.86,0.1357,1,0,91.06,84.76,82.84,88.46,0
78,0.0911,0,1,79.99,81.51,94.79,82.45,0.0953,1,0,85.63,76.71,91.72,73.18,0.085,0,2,85.76,80.86,88.69,92.79,0.1377,0,0,93.49,86.77,77.96,87.88,0.1441,1,0,87.81,83.32,83.49,79.64,0.1631,2,1,79.68,75.77,84.68,85.4,0.1776,0,0,75.3,82.42,84.87,83.32,0
79,0.3341,3,2,72.67,66.97,91.61,58.75,0.2799,2,2,78.59,72.84,69.11,84.58,0.4211,3,4,66.35,79.21,62.19,81.0,0.3784,2,2,76.09,81.84,76.3,81.61,0.322,2,3,83.42,84.15,76.6,74.61,0.3825,2,3,72.33,72.47,73.44,73.22,0.4212,4,1,58.26,82.21,70.8,66.45,0
80,0.092,0,1,81.13,59.74,77.94,78.93,0.0793,0,1,77.73,79.43,68.98,81.73,0.1253,0,1,64.7,83.02,63.7,73.77,0.0978,0,1,81.5,68.18,79.34,77.25,0.1166,0,0,78.15,83.28,87.51,78.28,0.117,1,1,60.3,68.57,75.2,67.32,0.1533,0,3,71.87,81.61,84.31,77.28,0
81,0.1173,0,0,66.14,73.73,82.91,65.28,0.1357,1,0,77.71,74.11,81.54,87.26,0.0988,2,0,81.08,74.03,70.72,73.58,0.066,0,0,71.98,89.95,77.37,81.09,0.1725,1,1,76.61,66.97,81.68,87.04,0.0856,3,0,80.02,69.37,71.7,81.36,0.1119,1,0,71.49,74.38,86.07,77.41,0
82,0.2086,3,5,75.37,63.22,68.93,68.93,0.2471,2,2,68.75,76.75,66.33,81.9,0.2615,3,3,70.85,75.88,77.75,58.28,0.3242,3,0,65.3,63.16,60.37,70.14,0.2566,2,2,76.99,70.15,80.13,79.84,0.3456,3,2,60.0,67.79,59.53,64.91,0.3096,2,1,73.06,70.31,54.43,59.93,0
83,0.0684,1,1,56.64,61.38,61.34,66.62,0.1402,1,1,66.65,55.23,75.09,62.13,0.069,0,0,66.86,61.5,62.58,56.8,0.1293,1,0,67.6,69.54,74.36,64.87,0.1947,0,1,60.93,58.39,63.95,57.72,0.1415,0,0,66.57,69.84,50.18,56.25,0.1179,1,0,63.95,54.89,65.89,61.34,0
84,0.2678,1,3,78.99,59.1,58.42,62.45,0.3274,3,1,62.66,63.48,46.16,63.7,0.3489,3,0,65.32,62.37,66.65,58.57,0.3265,2,1,66.59,66.58,75.62,59.37,0.3631,2,0,64.43,72.21,68.17,65.59,0.4179,1,1,78.01,68.51,62.46,76.89,0.4217,2,1,71.38,59.44,53.43,68.96,0
85,0.3159,4,1,66.59,63.88,56.37,60.2,0.3331,3,4,66.57,49.45,51.99,76.07,0.4987,3,1,48.85,51.94,54.98,47.02,0.3698,3,2,67.96,62.7,56.59,61.46,0.4404,3,2,62.4,61.85,48.39,65.42,0.3481,2,3,69.19,77.5,62.91,55.91,0.5406,4,3,41.01,53.25,51.69,53.65,1
86,0.0751,0,1,86.23,89.99,84.69,79.39,0.0751,0,2,80.61,86.28,81.49,88.06,0.1352,1,0,80.09,73.37,73.51,80.59,0.1605,1,1,77.24,83.01,86.33,82.13,0.1114,0,0,83.21,83.13,82.76,77.77,0.1889,0,0,76.44,70.71,74.67,90.33,0.1831,0,2,77.62,76.04,80.16,85.03,0
87,0.2854,2,2,76.26,52.86,53.89,55.67,0.3785,3,0,57.57,59.58,53.13,60.04,0.3775,4,1,55.27,66.91,64.56,59.01,0.3318,2,1,56.77,66.14,56.28,56.58,0.3899,3,2,50.79,60.28,52.0,60.69,0.3016,2,2,70.77,59.49,54.39,63.8,0.3193,2,3,77.09,65.39,63.89,66.94,0
88,0.3305,1,3,55.91,64.85,61.19,65.92,0.3555,2,2,56.32,53.53,45.69,52.54,0.3635,2,3,57.81,59.16,58.9,65.05,0.3115,2,3,57.87,59.27,56.43,48.38,0.4042,1,2,69.2,54.64,62.63,54.4,0.4103,2,1,59.58,63.08,68.22,51.47,0.4088,2,2,59.07,67.53,58.22,50.25,1
89,0.2718,2,1,75.17,82.66,86.36,72.62,0.3433,3,3,64.44,69.63,76.19,83.19,0.3333,2,3,76.48,76.74,74.57,67.74,0.3742,2,0,87.71,75.32,73.92,77.05,0.4921,3,2,54.88,79.51,75.72,73.06,0.334,1,3,71.76,80.92,69.03,81.44,0.5069,2,2,74.46,82.34,67.73,71.56,0
90,0.2211,1,0,48.86,59.33,56.45,55.75,0.1195,0,2,60.42,57.56,61.24,65.02,0.0803,1,0,66.64,44.97,57.67,60.43,0.1287,2,2,57.73,59.69,64.56,52.97,0.1225,1,1,65.65,50.15,63.09,55.5,0.1612,0,1,55.84,45.25,49.89,54.82,0.2423,1,1,51.3,58.4,48.9,44.82,0
91,0.4913,3,4,53.62,57.34,64.36,67.67,0.4912,3,1,59.1,51.33,61.95,65.5,0.5081,4,2,46.82,60.61,57.9,63.29,0.4948,3,3,62.67,60.27,68.65,56.27,0.5972,3,2,53.81,59.11,54.29,49.24,0.4451,5,2,55.97,52.96,42.72,60.78,0.584,3,1,63.57,58.07,51.65,58.69,1
92,0.2372,1,0,79.89,85.17,73.26,80.42,0.26,1,0,67.58,65.24,75.84,73.53,0.1857,1,0,83.19,84.09,86.05,87.34,0.2112,1,0,70.88,74.32,84.88,75.07,0.3094,0,1,69.01,93.04,77.24,80.0,0.2482,2,1,72.29,69.04,63.95,62.89,0.1329,1,2,83.54,81.02,70.71,80.87,0
93,0.3314,2,3,61.5,56.49,53.27,60.45,0.4384,2,2,48.43,52.42,41.78,51.22,0.3917,2,3,59.08,58.27,56.0,58.52,0.3316,2,0,61.89,63.7,58.4,56.0,0.3477,2,2,55.38,55.33,53.08,57.34,0.417,3,1,56.78,60.26,53.9,49.82,0.4517,2,2,47.0,60.41,36.36,50.95,1
94,0.1517,0,0,86.97,92.82,92.68,81.57,0.1769,0,1,92.4,90.26,94.65,82.18,0.2229,1,1,86.59,94.42,91.44,91.54,0.1636,1,0,90.61,97.02,81.45,87.11,0.2187,1,1,93.46,95.23,83.73,87.76,0.0993,1,1,87.02,89.33,82.77,98.27,0.2349,2,0,79.89,88.31,95.17,77.52,0
95,0.3145,2,1,62.75,64.13,50.1,70.69,0.3982,3,3,53.05,56.57,64.48,49.9,0.3681,3,1,51.94,58.15,51.43,65.79,0.4634,2,2,48.88,57.6,59.05,53.93,0.4063,3,3,63.88,44.08,42.98,57.04,0.4668,3,2,58.64,48.56,57.18,59.59,0.4272,2,1,50.44,65.56,72.34,58.95,1
96,0.4273,3,3,61.51,72.16,77.82,60.0,0.3798,4,4,89.76,72.15,78.67,73.39,0.5069,3,1,71.32,72.9,63.38,70.31,0.47,3,1,74.5,74.87,69.14,68.57,0.4409,4,4,61.46,76.94,70.95,71.67,0.3795,3,2,64.4,75.43,74.97,71.46,0.5459,4,2,69.23,74.59,64.22,70.08,0
97,0.3264,2,2,50.21,46.25,59.0,49.57,0.3101,3,3,56.06,68.5,51.14,54.09,0.3556,2,3,50.3,51.29,46.79,48.35,0.3596,2,2,47.1,57.52,48.04,50.77,0.3287,1,2,62.73,58.82,39.08,59.57,0.1949,3,1,66.3,60.84,50.25,69.95,0.2959,3,0,51.61,42.25,50.12,46.7,1
98,0.2263,1,3,71.77,68.44,82.37,62.58,0.2225,1,0,58.44,61.24,70.65,60.89,0.3223,2,1,66.65,45.02,63.91,62.46,0.2697,1,1,74.59,60.77,61.64,82.54,0.3209,0,1,69.78,71.33,67.3,69.38,0.3125,1,1,61.84,69.73,58.63,70.08,0.2609,3,0,66.44,66.52,67.82,61.87,0
99,0.099,1,3,78.65,81.66,83.31,71.95,0.1053,0,0,89.45,84.48,81.27,84.81,0.1822,0,1,85.62,78.99,77.74,87.07,0.2627,2,1,69.43,81.82,85.2,82.62,0.1358,2,3,77.17,79.75,84.93,85.91,0.157,1,2,96.43,81.46,92.26,88.8,0.295,1,1,90.88,86.17,78.19,82.29,0
100,0.3013,0,3,74.28,67.73,64.83,55.48,0.2782,0,0,68.39,64.75,70.77,74.14,0.3273,2,1,58.53,56.54,60.66,63.75,0.2394,2,0,56.43,67.39,71.04,61.54,0.2592,0,1,72.38,71.22,68.72,68.57,0.2364,2,0,55.95,67.35,71.54,71.16,0.3285,1,1,67.12,67.6,62.64,67.75,0
101,0.04,1,0,73.58,75.72,77.19,74.68,0.1215,2,0,67.34,79.84,69.36,67.76,0.186,1,0,69.74,64.55,71.01,73.01,0.1542,1,2,78.49,65.94,75.23,64.42,0.1395,1,2,76.5,82.41,77.31,78.34,0.1766,0,2,79.27,66.91,73.02,66.59,0.3487,2,1,76.72,67.02,67.73,66.52,0
102,0.316,1,3,53.37,54.64,45.03,55.6,0.3261,3,3,48.99,37.32,52.53,46.55,0.3835,3,4,53.85,61.86,41.4,44.84,0.3795,2,1,46.29,47.7,48.01,48.46,0.3576,3,3,43.11,50.71,47.3,49.51,0.4646,2,3,31.4,52.64,49.15,52.11,0.3931,3,4,59.02,49.03,48.99,54.03,1
103,0.1206,1,0,76.04,86.32,78.31,74.28,0.1134,0,0,85.36,75.15,79.6,77.67,0.1353,0,0,84.36,83.86,82.59,73.7,0.1449,2,0,93.11,83.87,72.26,84.3,0.2672,2,0,68.26,71.5,65.09,71.8,0.2675,0,1,71.77,73.05,71.81,77.56,0.2507,1,0,75.87,77.69,77.94,78.02,0
104,0.1879,2,1,79.93,78.56,67.35,79.61,0.1406,1,1,74.42,92.29,66.21,76.94,0.0597,2,0,85.81,76.9,87.1,90.15,0.2339,1,2,75.47,79.15,77.36,71.62,0.1392,0,1,75.63,70.8,85.34,76.94,0.2208,2,1,66.74,91.85,76.86,78.93,0.1963,1,1,78.5,84.62,76.27,84.91,0
105,0.2788,1,2,59.29,58.58,66.12,66.3,0.3382,3,1,59.47,52.33,52.42,47.14,0.3468,3,0,49.87,62.95,60.8,51.11,0.4317,2,3,49.94,59.76,41.89,54.73,0.4386,2,2,56.27,60.89,54.14,55.91,0.4192,3,1,51.78,55.11,55.37,46.04,0.3877,1,1,68.64,50.13,60.83,59.56,1
106,0.4016,3,3,57.61,67.92,80.27,63.73,0.3203,1,2,70.79,63.08,61.61,66.28,0.3529,3,3,73.46,63.29,72.05,60.33,0.4254,3,3,67.6,55.03,63.06,72.22,0.4111,3,2,75.99,55.7,65.68,55.18,0.3831,3,2,63.98,76.31,62.41,61.2,0.5282,3,4,62.14,68.16,64.98,69.92,0
107,0.3765,2,2,60.38,56.46,42.89,45.83,0.3384,3,1,60.79,54.02,65.67,65.39,0.2982,2,2,55.36,56.91,61.81,67.92,0.4634,2,3,49.21,55.88,60.88,53.7,0.322,0,3,52.56,56.34,70.88,63.64,0.4397,1,1,49.86,44.8,53.79,47.29,0.334,2,3,57.53,60.39,56.06,67.73,0
108,0.1688,2,1,63.72,71.36,81.24,75.93,0.1581,1,0,82.85,72.85,76.95,56.26,0.1145,2,1,56.49,74.7,58.55,67.06,0.1424,0,0,71.79,65.21,74.43,72.7,0.1797,0,2,76.26,67.39,67.22,74.6,0.25,3,1,64.96,51.37,59.4,53.32,0.152,1,1,80.16,75.67,59.94,72.4,0
109,0.3634,5,4,45.05,39.5,39.29,53.67,0.3565,3,3,48.65,55.38,58.48,56.51,0.4482,4,1,54.63,39.52,51.63,56.39,0.4068,4,1,48.2,57.37,58.75,59.34,0.445,3,2,44.66,47.66,52.71,49.46,0.4614,4,2,45.58,41.88,51.94,48.69,0.3795,2,2,44.42,53.92,49.38,56.23,1
110,0.5325,2,1,43.49,54.51,51.14,45.71,0.3981,1,4,47.33,52.17,54.8,62.98,0.4864,3,2,56.51,51.26,51.75,52.5,0.4946,4,1,51.94,44.83,53.61,40.94,0.4962,4,3,43.62,58.19,46.78,54.55,0.579,3,2,49.43,50.41,51.55,47.76,0.3967,4,3,49.11,43.6,57.95,42.39,1
111,0.092,0,1,96.58,87.87,100.0,82.44,0.0842,0,0,87.79,91.35,91.16,80.34,0.2013,1,0,79.07,71.49,76.38,86.92,0.0702,1,0,73.11,93.25,88.05,88.25,0.1265,0,0,98.26,87.25,72.61,84.8,0.0887,0,0,92.26,90.77,96.0,88.02,0.2077,3,1,79.09,83.51,78.08,82.17,0
112,0.0342,1,0,93.55,90.9,91.44,88.21,0.0763,1,0,76.9,80.56,83.68,71.34,0.1021,1,1,83.96,77.96,83.52,81.0,0.1293,0,0,81.75,90.25,89.69,79.43,0.2011,2,1,71.26,77.33,79.85,79.65,0.1429,0,1,78.65,75.99,83.02,88.11,0.118,1,0,78.55,84.71,87.94,93.54,0
113,0.2013,1,3,59.98,64.31,66.55,62.55,0.1917,2,2,64.42,61.3,64.68,67.71,0.3439,0,0,56.04,47.61,48.62,54.28,0.335,1,2,59.74,59.74,59.86,59.72,0.3496,1,0,50.99,50.18,62.14,59.61,0.2458,1,1,65.35,62.0,67.29,69.75,0.2902,2,1,56.2,47.26,53.22,59.2,0
114,0.3733,2,2,67.41,61.73,69.8,61.69,0.3599,3,2,66.01,60.02,62.79,70.45,0.4116,3,2,67.6,71.9,64.09,65.9,0.3906,3,3,67.44,71.48,71.9,63.73,0.4776,2,3,70.27,62.33,50.29,71.14,0.4161,3,1,71.29,58.7,64.02,76.8,0.5053,4,2,60.06,44.02,72.35,60.44,1
115,0.477,4,3,34.43,41.8,38.14,33.01,0.4226,3,3,37.54,40.36,42.46,35.21,0.4232,2,2,31.66,46.81,37.45,28.53,0.4709,4,3,38.79,20.17,36.47,33.92,0.3922,2,3,39.41,39.59,48.2,30.88,0.4582,2,2,47.76,49.19,33.32,42.09,0.5641,5,2,37.69,36.61,34.41,31.4,1
116,0.3854,4,1,64.92,49.17,64.72,63.17,0.3311,2,2,71.98,51.96,71.45,69.45,0.443,3,2,52.12,52.81,50.76,70.24,0.4606,2,1,61.09,69.28,59.48,55.47,0.4118,1,3,66.39,51.72,63.58,63.95,0.3689,1,2,61.52,59.12,75.95,59.97,0.4649,3,3,62.39,59.37,50.5,75.22,1
117,0.3219,1,3,56.42,50.36,51.74,55.98,0.2831,2,2,47.31,60.22,52.44,55.29,0.3861,3,1,41.88,60.69,47.74,57.37,0.3928,1,1,47.43,49.0,49.96,63.53,0.3684,1,1,52.49,49.06,60.67,55.81,0.3088,2,0,54.99,54.11,58.61,48.19,0.3653,3,1,45.44,45.56,52.7,42.76,1
118,0.2082,1,2,78.08,77.72,78.11,72.87,0.1739,0,2,79.36,71.35,81.92,70.87,0.2545,2,2,68.58,53.85,82.07,65.18,0.3048,2,2,79.38,70.38,69.71,63.33,0.2565,2,0,78.29,60.22,71.79,54.81,0.2575,0,2,62.49,64.37,63.94,70.95,0.1848,2,1,79.98,66.18,63.86,70.3,0
119,0.2599,1,2,65.01,76.09,63.41,70.07,0.3187,3,4,66.03,66.93,64.12,66.12,0.3567,2,3,67.06,80.01,70.02,68.96,0.4564,2,3,60.71,61.77,78.29,69.48,0.2794,3,3,64.64,68.88,72.23,72.23,0.3583,3,3,64.49,73.05,71.18,74.66,0.391,3,2,69.54,60.99,68.9,57.25,1
120,0.2952,2,2,50.59,55.21,51.17,42.22,0.4084,3,4,41.48,60.09,41.28,39.14,0.4103,2,2,46.74,42.36,41.94,51.4,0.4437,3,1,29.8,49.1,42.23,42.59,0.4428,2,2,44.29,51.14,41.3,34.17,0.3795,2,3,39.42,42.14,56.33,49.1,0.4533,3,2,44.72,37.3,40.41,34.11,1
121,0.3224,4,1,76.68,81.16,74.62,66.74,0.3417,2,1,85.71,78.41,86.22,72.67,0.4112,2,2,68.31,78.55,67.22,77.81,0.4077,2,1,69.29,85.96,79.33,71.06,0.3664,1,3,79.8,85.91,76.67,79.65,0.3885,3,1,82.77,80.0,71.81,84.97,0.341,2,1,92.16,77.15,74.04,82.34,0
122,0.1581,1,0,66.06,67.82,69.06,71.66,0.2381,1,1,56.54,66.13,71.27,76.91,0.2609,1,2,75.46,52.45,71.51,57.29,0.1465,2,1,73.73,68.38,65.44,61.94,0.2723,0,2,73.79,62.4,72.03,72.89,0.2466,2,1,64.32,47.82,63.46,66.91,0.2957,2,1,62.27,52.64,65.84,56.74,0
123,0.1458,1,0,72.55,73.1,58.65,54.48,0.127,0,0,66.45,65.51,60.0,76.51,0.2333,2,0,60.27,56.62,56.6,54.65,0.136,0,1,64.69,59.89,56.89,59.04,0.1105,1,1,57.36,55.37,76.49,65.01,0.1651,1,1,60.01,60.65,63.06,57.88,0.2369,0,0,66.78,57.24,63.46,62.47,0
124,0.3724,4,3,48.04,49.52,57.22,51.1,0.4251,3,2,39.66,51.44,56.28,46.71,0.4444,5,3,42.05,42.91,39.14,56.59,0.4271,1,1,50.49,51.02,59.28,61.63,0.522,3,3,49.38,50.4,58.3,50.01,0.6049,3,4,48.1,50.94,53.11,46.56,0.4547,3,2,55.3,41.66,45.49,52.7,1
125,0.3882,4,2,45.99,52.64,32.85,54.46,0.4334,3,2,50.41,43.14,46.03,57.12,0.5694,2,4,43.1,45.02,41.64,52.39,0.5635,3,3,35.47,47.91,46.48,40.96,0.4073,2,1,45.3,46.83,49.73,51.57,0.4439,5,2,42.09,44.0,31.98,43.17,0.3685,3,2,40.99,39.86,47.19,44.38,1
126,0.1312,2,1,77.43,79.15,82.62,82.58,0.1913,2,1,82.42,74.16,73.32,75.55,0.1839,2,0,73.18,71.88,72.12,70.32,0.297,1,2,77.51,79.77,71.73,70.63,0.2661,1,0,67.38,78.99,75.02,77.98,0.2627,2,2,70.75,85.94,72.53,69.88,0.4985,2,1,57.37,68.76,67.59,64.34,0
127,0.2054,1,0,77.55,82.3,83.7,79.99,0.3203,0,1,77.51,66.61,65.83,79.77,0.2805,3,1,68.5,64.82,75.29,66.7,0.2894,2,1,78.84,62.83,70.65,80.0,0.2467,2,0,74.12,86.75,77.13,78.78,0.3494,1,2,67.3,69.03,86.6,60.89,0.2379,2,1,78.6,69.26,72.7,77.99,0
128,0.0694,0,2,68.0,59.94,65.57,59.61,0.0773,0,0,64.97,55.56,62.45,63.34,0.1098,0,2,56.18,62.83,63.02,50.5,0.1667,0,0,51.67,54.2,56.14,53.43,0.1154,1,0,64.83,43.76,55.54,63.09,0.1442,0,0,64.11,53.96,55.7,49.09,0.0939,0,0,64.64,68.8,54.04,46.46,0
129,0.221,3,1,63.32,50.52,68.26,50.95,0.1417,0,1,41.78,54.97,64.62,63.32,0.2295,2,1,63.56,53.38,56.44,52.15,0.1713,1,0,58.51,59.85,70.18,68.85,0.2485,0,2,62.32,59.68,74.81,66.58,0.3865,2,1,55.83,54.65,45.13,50.05,0.2428,0,2,64.1,59.43,60.76,57.01,0
130,0.2844,1,2,80.54,77.59,77.2,78.55,0.2578,2,3,81.65,79.64,81.82,75.55,0.2977,2,3,67.0,76.73,71.38,78.18,0.3558,2,3,74.84,77.31,58.35,69.22,0.3333,3,3,77.88,69.42,77.93,69.71,0.4188,2,1,75.6,73.31,68.64,79.76,0.5041,3,4,66.49,75.03,81.72,52.39,0
131,0.3461,4,3,64.64,72.87,62.44,63.89,0.4452,2,3,70.21,77.85,73.97,68.91,0.4416,3,3,56.65,65.89,65.99,63.71,0.4177,3,3,76.0,64.16,78.27,64.67,0.4053,4,3,58.9,76.07,65.45,66.43,0.5,3,3,52.19,62.46,63.42,61.69,0.4783,2,2,72.21,67.66,68.58,70.02,1
132,0.1626,1,1,47.29,60.66,63.05,59.56,0.1034,1,1,62.13,67.42,53.34,65.04,0.1378,0,1,61.8,66.39,69.03,52.34,0.1813,1,0,66.23,60.7,66.58,51.21,0.1987,0,0,56.27,54.26,62.84,54.95,0.185,1,1,62.18,63.29,67.44,60.43,0.137,1,3,54.83,55.88,66.54,55.68,0
133,0.4147,3,2,54.15,61.1,46.8,44.69,0.4635,3,1,60.33,46.12,50.92,52.56,0.4469,2,2,44.25,52.59,60.25,51.01,0.4659,4,2,60.1,49.83,40.04,37.55,0.4109,2,2,53.62,43.29,59.8,54.01,0.6134,3,2,44.26,52.9,54.12,39.29,0.4254,2,2,56.7,53.58,38.71,49.23,1
134,0.0225,0,0,87.68,99.41,100.0,95.17,0.0229,1,0,96.23,90.76,98.44,96.08,0.0891,2,0,95.88,81.65,81.71,93.66,0.1169,0,1,87.39,89.96,92.36,91.11,0.0655,0,0,85.66,100.0,99.71,100.0,0.1855,1,0,84.23,91.02,84.38,92.72,0.2768,1,1,84.0,85.87,89.02,83.88,0
135,0.3405,2,0,40.9,46.88,58.64,51.21,0.2974,2,1,46.36,52.12,66.22,48.52,0.4083,2,3,50.18,43.62,53.1,41.69,0.343,3,2,60.52,40.59,59.64,45.81,0.4141,2,2,50.07,38.27,45.61,51.46,0.3059,2,1,45.89,42.44,52.49,46.91,0.4493,3,2,48.36,44.08,34.34,49.76,1
136,0.4413,2,2,72.79,68.07,63.4,70.69,0.4959,4,3,70.72,49.42,61.18,51.51,0.4174,4,2,56.12,57.23,55.97,69.78,0.3886,3,3,74.13,70.75,74.99,60.95,0.3922,4,4,60.75,65.5,63.2,50.9,0.5432,3,3,55.76,50.28,52.0,59.66,0.4368,4,2,62.82,73.53,57.58,54.76,1
137,0.3372,1,1,84.33,81.62,81.32,63.87,0.3276,1,2,53.05,78.96,60.06,76.71,0.3526,1,2,63.41,68.15,62.39,58.98,0.4362,2,0,69.48,60.84,56.2,69.65,0.4601,2,1,59.71,59.22,56.59,64.66,0.3442,2,1,68.17,51.97,62.07,56.92,0.4369,3,2,63.0,61.63,70.07,59.4,1
138,0.3709,4,0,73.4,70.49,66.57,71.92,0.2875,3,2,57.7,62.5,67.4,67.28,0.3,3,1,56.72,68.05,66.5,67.53,0.2778,2,0,71.03,69.86,70.53,68.98,0.3622,3,1,63.15,78.31,71.15,65.26,0.3835,2,1,61.82,72.05,63.39,74.55,0.4196,3,2,64.33,68.82,67.12,60.75,0
139,0.2402,0,2,88.7,94.61,78.09,84.77,0.3139,0,1,81.44,81.38,80.04,82.71,0.2974,2,2,74.89,70.52,82.02,61.99,0.3119,1,3,65.98,75.87,73.44,71.32,0.3057,1,2,76.9,73.09,76.37,87.21,0.3485,2,2,82.53,60.25,70.8,71.71,0.3702,3,2,74.27,61.66,81.53,69.83,0
140,0.3871,3,3,50.6,53.1,56.76,44.26,0.2699,2,2,62.89,55.64,64.7,57.4,0.3404,3,2,51.48,48.27,47.44,49.6,0.426,2,2,39.34,63.54,49.39,53.72,0.4556,4,1,58.48,39.21,47.69,43.18,0.3157,1,1,64.0,70.31,51.89,60.31,0.4984,2,0,42.49,46.21,50.06,57.36,1
141,0.3344,2,2,46.3,47.97,56.83,46.81,0.2681,2,0,48.67,56.55,62.31,44.97,0.2799,3,2,45.5,46.56,50.26,56.88,0.3767,2,1,46.39,38.48,33.51,47.33,0.3198,2,1,40.95,25.56,46.18,56.0,0.2799,0,0,52.78,42.76,49.87,42.71,0.3078,0,2,40.27,43.49,50.7,39.14,1
142,0.276,2,0,73.66,69.43,78.0,72.81,0.2522,2,3,76.04,72.47,74.06,80.87,0.2132,1,2,84.03,87.12,74.79,79.4,0.2361,1,1,72.42,85.03,75.08,83.31,0.2376,1,1,80.3,75.18,78.05,74.18,0.2324,1,1,75.49,74.19,73.72,81.41,0.3188,3,2,76.45,74.1,68.77,67.84,0
143,0.1414,1,0,55.19,71.47,72.82,59.62,0.1183,0,1,74.77,61.82,66.6,81.46,0.0549,1,1,66.2,73.98,73.56,75.33,0.1525,1,0,66.26,63.49,79.36,67.28,0.1447,2,1,62.37,71.74,73.63,67.3,0.2995,2,1,64.79,59.03,59.73,51.53,0.1937,1,2,67.29,64.58,64.18,68.92,0
144,0.1824,1,1,94.32,88.1,87.75,87.43,0.2273,1,1,89.37,95.24,85.99,95.45,0.1995,1,3,94.24,92.52,97.92,93.29,0.1764,2,1,88.65,92.39,97.83,90.33,0.2279,3,0,95.02,80.22,85.25,83.77,0.2039,2,1,88.7,85.57,76.59,81.44,0.3052,3,1,83.06,78.52,82.5,81.19,0
145,0.0367,0,1,57.99,81.61,57.12,72.48,0.0691,1,0,51.04,71.5,62.81,64.14,0.1037,0,1,67.37,67.76,55.39,64.62,0.0901,2,0,67.27,71.13,53.35,69.31,0.1217,1,0,66.55,58.31,50.08,64.51,0.1274,0,0,66.23,74.37,60.57,63.06,0.1028,1,1,74.04,67.86,60.95,65.58,0
146,0.171,2,1,64.12,59.87,54.25,60.97,0.1903,1,2,68.27,52.31,66.63,79.93,0.2818,2,3,57.53,59.62,56.01,58.86,0.2294,2,1,49.13,56.74,61.44,65.56,0.3111,1,2,63.93,59.09,53.85,62.37,0.2415,2,3,62.99,67.16,58.96,50.85,0.2538,2,0,65.3,62.1,60.88,60.24,1
147,0.3377,1,1,79.65,83.84,68.94,77.53,0.3057,2,2,77.08,77.06,93.81,74.4,0.3142,1,1,75.17,71.09,80.41,75.74,0.3521,2,2,73.27,67.99,85.21,85.0,0.3161,3,2,72.66,76.96,74.98,72.44,0.4163,2,3,64.62,83.67,76.13,71.88,0.3712,2,2,74.32,73.55,73.82,88.93,0
148,0.0791,0,1,97.43,85.8,100.0,87.85,0.1823,0,0,90.54,77.22,87.11,86.93,0.2286,2,0,87.68,79.79,70.61,79.43,0.187,1,0,100.0,96.14,87.46,90.63,0.114,1,0,92.78,80.98,96.97,84.07,0.1709,0,1,75.23,84.6,80.63,92.73,0.1515,0,0,77.46,87.64,88.08,88.8,0
149,0.2599,4,4,59.47,67.39,71.88,78.89,0.2555,3,4,73.64,71.53,80.17,67.92,0.4573,3,2,71.96,63.34,62.49,71.53,0.2496,2,3,79.75,76.21,73.72,68.87,0.345,1,2,66.21,66.4,74.52,73.37,0.3012,4,4,77.86,69.41,66.28,67.22,0.4172,1,1,65.31,76.09,65.66,67.66,0
150,0.2234,2,1,55.59,63.05,68.54,47.07,0.1881,1,2,53.83,52.01,67.46,71.57,0.238,2,2,62.44,59.17,57.01,56.66,0.2572,1,1,56.56,67.22,58.48,58.28,0.2862,2,0,52.46,62.36,58.54,57.73,0.2477,2,2,61.7,68.23,55.35,40.68,0.3479,2,1,52.22,56.52,51.74,49.77,0
151,0.0373,1,2,85.81,88.9,72.25,73.79,0.0733,2,1,76.02,67.92,82.65,74.75,0.1599,2,1,69.42,83.52,67.74,71.46,0.2092,1,1,69.97,69.78,76.49,71.88,0.119,0,1,76.87,84.28,82.74,83.13,0.1732,1,1,81.09,86.36,75.91,83.63,0.2378,0,1,78.85,74.59,75.5,80.43,0
152,0.1354,0,0,96.48,84.39,89.28,96.45,0.0476,0,0,92.32,100.0,100.0,92.56,0.118,1,1,91.0,85.35,88.83,79.04,0.1666,0,0,86.93,74.17,98.42,83.39,0.0871,1,1,88.85,86.83,81.95,88.7,0.1219,0,1,89.14,91.33,84.72,86.07,0.1962,1,0,86.32,96.81,74.13,83.88,0
153,0.1464,2,1,64.35,67.65,65.68,71.48,0.1833,0,1,75.74,77.83,66.2,76.25,0.2479,2,0,75.15,66.54,67.84,69.06,0.1214,0,0,65.87,91.43,84.32,70.38,0.2428,1,0,70.13,71.29,66.79,75.71,0.2384,2,0,69.18,64.59,51.21,72.89,0.2277,3,0,69.94,69.2,71.48,56.74,0
154,0.1873,1,0,87.11,84.34,78.35,80.85,0.1074,0,0,91.62,88.14,94.41,97.46,0.0497,0,0,100.0,90.31,86.47,91.06,0.2259,2,0,85.45,81.54,79.09,77.13,0.0617,0,0,91.28,84.54,95.55,97.86,0.1587,1,1,84.93,90.99,84.79,88.72,0.281,0,1,77.29,86.41,85.66,83.19,0
155,0.1434,0,1,82.2,67.27,68.85,71.85,0.187,1,0,56.86,79.38,70.07,65.02,0.2048,2,1,52.65,59.93,61.34,51.22,0.0489,1,0,66.36,70.25,71.54,61.8,0.2152,0,0,62.63,51.28,61.08,67.07,0.2101,0,0,76.43,68.16,68.7,65.13,0.196,1,0,67.62,61.97,68.73,69.36,0
156,0.3858,1,2,78.04,56.58,56.38,60.36,0.3749,2,2,58.74,75.04,67.87,65.71,0.4169,2,2,60.44,75.08,67.69,69.15,0.4383,2,4,61.23,55.94,63.83,60.02,0.4294,3,5,55.09,49.29,59.11,54.55,0.468,3,2,58.51,57.39,53.4,56.85,0.5366,3,2,59.25,53.06,39.95,54.39,1
157,0.28,1,1,81.44,83.37,85.72,76.73,0.2051,1,2,84.64,78.47,88.47,68.56,0.35,1,1,68.05,73.64,73.8,72.41,0.3456,2,1,79.17,79.8,69.71,77.71,0.355,1,2,78.55,83.88,80.63,74.79,0.415,3,2,66.74,82.73,78.68,78.54,0.2832,3,2,64.92,72.33,75.85,71.89,0
158,0.3319,2,2,43.22,47.69,41.78,45.63,0.367,0,2,47.14,51.67,52.83,55.17,0.3032,2,1,38.22,62.54,47.18,45.59,0.4346,4,0,50.06,43.27,43.62,42.22,0.3972,2,2,39.06,40.35,43.68,40.69,0.3823,1,2,51.09,47.17,41.52,54.27,0.3433,2,2,50.67,44.49,40.72,49.18,1
159,0.4863,2,2,84.11,84.83,82.84,77.91,0.4314,3,2,74.17,75.58,69.2,73.3,0.4471,1,3,74.2,72.5,76.72,67.22,0.4413,4,2,69.84,65.78,69.92,75.82,0.3266,2,2,68.28,77.92,79.73,79.46,0.4074,3,4,74.31,75.97,75.38,81.54,0.5354,2,2,77.98,75.73,77.7,75.28,0
160,0.3065,2,2,67.67,59.22,76.12,61.65,0.3104,3,2,65.22,59.34,71.34,63.64,0.3178,4,3,63.4,64.41,66.15,57.77,0.3268,4,3,58.9,52.9,57.86,66.01,0.3186,2,1,67.48,53.54,50.43,63.91,0.3346,3,3,65.0,64.01,53.74,54.18,0.4345,4,3,53.12,59.79,67.62,53.57,1
161,0.074,0,0,93.46,80.55,85.79,83.94,0.1329,1,0,70.92,77.63,78.94,81.27,0.0563,0,0,71.08,74.13,76.89,80.69,0.1818,0,0,81.19,70.31,78.95,80.31,0.0843,2,0,79.37,81.27,75.94,70.1,0.1099,0,1,87.85,72.07,87.87,68.18,0.245,2,0,70.44,84.45,70.05,69.82,0
162,0.3217,3,3,75.04,49.01,46.96,66.88,0.3431,0,3,59.63,63.81,58.8,52.39,0.2581,3,2,63.4,55.73,60.9,56.37,0.3697,4,2,52.62,73.39,46.83,56.79,0.4849,4,1,46.75,51.72,58.55,53.85,0.3718,2,3,65.51,62.08,51.61,64.31,0.3791,3,2,70.84,52.61,48.67,59.8,1
163,0.1159,1,0,68.83,71.31,59.25,52.81,0.1404,1,1,64.01,74.9,64.65,61.95,0.109,0,1,76.03,68.94,72.41,61.45,0.1094,0,2,66.52,71.16,64.53,71.8,0.1782,0,0,70.85,66.57,68.69,52.64,0.1111,1,0,66.38,72.53,64.56,67.69,0.1482,0,1,62.22,68.12,69.11,73.39,0
164,0.1516,0,1,70.06,61.17,67.64,76.87,0.2184,1,0,64.3,66.77,62.83,55.7,0.1427,0,0,72.54,67.95,67.16,57.34,0.1895,2,0,64.43,64.32,64.39,69.36,0.2479,1,1,67.05,74.44,61.16,66.92,0.235,0,0,59.5,59.98,61.9,61.49,0.2884,0,0,54.97,57.81,63.94,54.99,0
165,0.2325,2,1,68.5,59.72,70.03,73.3,0.2155,2,0,81.93,72.02,75.37,66.58,0.214,4,0,74.68,58.69,64.59,62.96,0.159,1,0,70.52,65.85,69.17,60.5,0.2329,1,0,78.53,65.72,64.59,60.2,0.2879,3,0,61.07,63.9,57.18,78.92,0.227,1,3,73.29,71.33,72.22,81.66,0
166,0.3681,2,3,61.87,72.75,57.41,62.15,0.3929,4,4,69.84,64.82,50.17,52.21,0.3908,4,1,73.55,56.12,58.06,59.89,0.4417,3,3,64.99,49.49,63.42,68.4,0.4236,3,3,48.09,56.65,66.02,58.47,0.3977,3,1,56.83,55.67,65.78,54.26,0.4145,4,2,58.06,65.6,62.15,57.56,1
167,0.1471,2,0,60.33,69.97,50.93,56.2,0.2152,3,0,60.17,56.43,61.68,40.57,0.1649,1,1,54.61,43.31,60.22,57.46,0.1904,1,2,57.2,53.33,46.76,53.79,0.2019,0,1,60.87,71.69,53.83,55.14,0.0932,3,1,48.69,50.82,63.19,59.99,0.2982,2,2,53.77,48.01,46.46,47.89,1
168,0.1999,0,1,76.15,83.09,75.5,94.2,0.221,0,1,87.65,88.44,97.89,71.99,0.2123,1,1,83.25,77.61,79.11,81.36,0.1478,0,0,95.5,86.15,86.17,82.78,0.2019,1,0,89.55,82.06,87.27,76.03,0.1715,1,0,75.4,80.66,82.15,76.63,0.3349,2,2,72.27,73.83,85.47,71.28,0
169,0.0987,0,0,85.35,92.59,94.5,82.34,0.185,0,1,89.89,92.59,75.62,69.7,0.1751,1,1,78.2,68.0,85.2,81.63,0.1803,0,0,77.29,80.05,79.89,82.74,0.1975,1,0,74.92,85.26,77.92,87.99,0.1686,1,0,77.55,71.35,80.59,71.19,0.1783,0,1,79.9,70.88,85.52,73.19,0
170,0.2515,2,0,88.74,84.52,79.87,93.05,0.3175,2,2,73.91,78.03,72.51,85.12,0.2561,1,2,74.85,89.1,89.05,80.92,0.3279,1,2,64.59,84.64,68.67,82.66,0.4078,3,1,84.07,74.34,77.45,80.0,0.3943,2,1,74.95,74.77,75.92,76.05,0.3792,2,2,71.3,87.85,80.56,87.42,0
171,0.3018,3,1,48.38,58.17,55.24,47.17,0.3437,1,3,46.32,59.06,56.94,51.83,0.3672,2,1,57.07,34.69,55.12,49.14,0.3281,4,1,58.2,50.83,52.18,42.15,0.3667,2,1,55.68,52.74,50.46,50.98,0.4291,3,2,52.64,46.55,39.88,48.19,0.371,3,2,43.49,56.97,52.34,43.08,1
172,0.1367,2,0,69.41,63.9,60.72,64.53,0.2417,1,1,48.39,62.29,57.74,55.52,0.1144,1,1,63.38,55.42,63.73,59.15,0.1872,1,2,63.28,66.79,47.98,73.17,0.154,0,2,59.23,70.34,67.37,66.36,0.3221,1,0,67.3,62.01,53.29,42.22,0.2445,0,1,61.08,57.74,69.29,63.74,0
173,0.2401,2,2,78.15,77.9,86.32,72.5,0.2571,1,2,90.04,95.67,98.75,77.88,0.2769,1,1,91.85,79.92,89.79,76.34,0.3014,2,2,77.97,89.55,89.34,77.36,0.2829,2,1,86.73,90.44,92.36,81.14,0.1295,1,1,86.89,87.14,88.41,92.3,0.1955,2,1,99.57,96.32,84.7,94.04,0
174,0.4961,3,3,39.78,42.03,41.08,42.53,0.3895,4,2,42.1,35.15,45.63,38.24,0.3783,1,1,51.06,47.63,61.65,59.23,0.4064,3,3,47.12,34.21,40.71,51.15,0.3961,2,3,36.36,40.54,59.97,32.61,0.5481,2,4,35.08,30.84,51.13,44.19,0.4449,3,4,39.83,42.87,46.94,47.36,1
175,0.4638,2,3,49.57,45.37,47.95,52.48,0.4557,2,3,44.9,44.06,47.49,46.33,0.4303,3,1,49.75,43.9,52.49,45.75,0.4245,4,1,43.04,63.72,42.65,55.55,0.3912,3,3,56.33,46.62,39.0,38.07,0.4901,2,3,46.82,56.27,57.53,41.54,0.4414,2,2,56.05,44.03,52.49,54.53,1
176,0.3176,3,3,72.95,57.98,57.94,64.73,0.3639,4,2,66.95,63.36,62.01,52.27,0.3549,2,1,69.17,71.09,73.49,57.33,0.3745,3,0,65.32,71.49,65.93,52.2,0.4906,3,3,68.22,60.51,64.65,62.79,0.5095,3,3,71.87,71.74,61.82,60.9,0.4923,3,3,68.9,64.76,57.53,76.43,1
177,0.3972,3,2,66.09,59.36,60.66,60.11,0.4058,2,1,61.59,65.11,70.49,60.61,0.4458,2,2,62.42,54.71,61.33,55.51,0.4246,3,4,56.23,62.84,54.28,66.11,0.404,4,2,58.34,65.1,70.15,53.86,0.4044,2,1,60.95,54.08,63.59,73.4,0.4102,3,2,65.05,54.32,57.76,70.35,1
178,0.1969,1,1,73.62,94.04,65.34,83.84,0.2569,1,3,85.15,88.68,82.99,85.52,0.3278,2,2,86.0,64.93,76.58,69.43,0.2391,1,2,88.61,75.39,71.1,78.73,0.2562,1,1,78.87,71.75,72.75,74.6,0.29,4,1,70.79,60.67,78.39,79.12,0.4063,2,2,75.47,79.07,72.7,77.33,0
179,0.1561,1,0,68.63,60.03,59.53,68.46,0.2457,0,0,64.92,64.95,69.37,77.72,0.196,1,0,63.97,68.95,72.21,71.71,0.1426,0,2,68.11,69.63,77.13,60.18,0.1835,1,1,50.44,79.39,75.91,71.91,0.275,0,2,76.16,71.29,59.86,72.34,0.1769,1,0,67.4,64.19,74.59,66.75,0
180,0.3944,2,2,54.48,59.55,63.76,68.96,0.256,2,3,76.56,71.42,60.98,72.48,0.3618,4,4,63.67,60.86,66.62,63.86,0.3388,2,2,67.05,70.8,64.74,71.77,0.398,3,2,71.99,74.3,67.39,64.49,0.4996,4,1,80.05,50.21,54.93,54.44,0.4443,2,2,63.47,78.72,67.65,71.23,1
181,0.3405,2,2,74.68,55.65,68.47,76.64,0.3274,2,0,69.78,83.26,81.09,69.1,0.2237,1,0,85.71,77.47,76.54,82.11,0.2894,2,2,74.29,79.26,70.98,74.85,0.36,2,1,78.98,68.43,80.08,70.23,0.2891,2,1,74.46,70.86,60.8,65.84,0.4083,1,1,75.35,72.67,68.63,78.31,0
182,0.4304,3,2,74.09,69.01,75.13,75.97,0.4598,2,3,71.16,79.36,66.55,68.99,0.3494,3,2,71.59,76.4,67.61,68.8,0.4252,2,3,74.09,68.57,70.42,65.51,0.4697,2,2,66.6,69.96,71.9,78.71,0.4524,3,3,65.86,74.81,68.81,69.36,0.4271,1,3,74.9,69.8,82.66,86.18,1
183,0.1631,0,0,61.62,54.87,72.09,64.71,0.2066,1,0,74.89,59.36,62.95,47.86,0.1168,1,1,62.43,71.97,65.7,76.29,0.1928,1,0,72.87,60.31,66.19,66.44,0.2986,1,1,47.58,55.44,60.22,62.89,0.2757,1,1,60.24,64.22,63.97,62.47,0.2951,0,0,61.96,51.38,62.92,56.57,0
184,0.2939,2,2,70.4,75.89,60.12,78.33,0.2152,2,2,65.42,76.85,72.13,73.69,0.3106,1,1,85.42,66.86,68.25,83.25,0.2521,2,2,69.6,77.37,71.15,69.4,0.2445,3,4,77.01,70.03,75.29,68.37,0.2623,3,3,83.36,80.65,73.29,71.99,0.2944,2,1,75.96,80.23,72.21,74.59,0
185,0.2282,2,1,60.15,53.13,57.83,63.22,0.1565,1,3,66.44,67.76,70.94,59.5,0.3033,1,1,59.45,58.22,62.12,52.67,0.3425,2,1,53.13,60.62,59.4,48.6,0.2861,2,1,65.8,52.52,54.1,67.92,0.3252,2,2,55.13,47.36,51.73,58.65,0.407,2,2,43.2,53.31,46.3,51.67,1
186,0.4822,3,3,49.66,59.7,45.23,48.77,0.4844,3,4,59.11,41.62,46.97,51.24,0.4558,4,1,47.81,49.39,60.56,43.75,0.5489,2,3,50.85,44.77,45.73,42.12,0.5322,3,2,49.29,45.65,50.35,47.65,0.6395,3,3,51.31,46.24,50.52,47.67,0.5944,2,2,44.3,37.16,58.27,54.56,1
187,0.2664,3,1,53.34,70.21,60.32,66.75,0.2492,1,2,68.05,61.25,60.37,67.31,0.3469,2,2,62.55,37.75,66.28,74.62,0.3118,1,1,63.13,58.45,50.19,52.2,0.2919,4,1,53.49,61.34,64.73,54.6,0.2632,2,0,55.02,56.32,57.64,61.98,0.4622,2,1,61.41,44.05,62.14,46.82,1
188,0.3696,4,2,76.66,77.04,82.9,63.36,0.4671,2,3,68.65,68.84,53.75,54.83,0.4132,1,2,78.96,67.91,71.47,79.82,0.4772,4,2,55.09,63.21,69.65,64.26,0.456,3,4,64.13,67.38,74.63,73.26,0.4408,3,4,81.77,69.44,77.74,68.89,0.3929,2,3,71.49,57.15,77.25,75.0,1
189,0.405,3,3,79.87,77.74,77.33,64.74,0.3071,2,3,72.37,80.44,79.0,64.13,0.3661,2,2,66.92,75.07,75.04,71.52,0.5046,4,3,59.93,68.07,74.88,58.97,0.4394,4,4,73.07,61.95,67.08,66.48,0.4615,3,1,60.06,64.37,68.26,64.33,0.4238,4,2,71.35,70.84,65.96,62.34,1
190,0.38,3,1,62.75,61.01,57.38,53.79,0.4152,2,1,64.04,57.25,54.49,54.72,0.4232,4,2,59.38,58.56,47.98,57.45,0.4205,3,2,61.09,53.52,53.78,59.78,0.4052,1,2,54.56,45.61,63.12,69.84,0.4221,3,1,56.01,59.75,52.06,49.79,0.3793,3,1,53.98,55.9,43.44,58.79,1
191,0.1868,0,1,81.49,69.76,72.06,65.18,0.1687,1,2,83.19,75.73,67.98,69.93,0.1689,0,0,73.85,73.17,66.47,69.19,0.1983,1,1,65.07,68.24,61.02,70.11,0.2884,1,2,59.54,70.91,77.97,61.51,0.1885,1,0,65.66,69.89,61.9,69.35,0.3316,3,1,67.31,56.92,60.0,45.47,0
192,0.1768,1,2,88.6,80.85,99.77,77.15,0.2327,2,2,82.83,77.98,76.76,82.4,0.2559,2,0,76.45,83.96,84.95,82.99,0.1883,1,1,100.0,80.59,78.98,76.09,0.269,3,0,81.89,78.45,83.09,76.6,0.3345,1,1,76.12,85.6,81.92,74.82,0.3,3,2,77.05,88.85,80.02,81.44,0
193,0.1894,2,1,63.52,46.42,58.98,63.02,0.2389,0,1,44.44,64.69,70.58,64.15,0.2949,1,1,66.79,55.94,60.19,54.73,0.2167,2,1,65.65,66.54,53.39,68.48,0.2762,2,1,60.93,60.94,59.35,46.9,0.2226,1,1,71.17,61.62,70.48,64.82,0.2951,3,2,50.5,57.57,51.71,47.38,0
194,0.2843,2,3,65.23,54.71,65.23,68.29,0.3372,2,2,57.66,59.83,47.57,58.89,0.2779,2,1,52.94,44.73,53.84,62.39,0.3038,2,2,68.02,55.96,70.97,59.65,0.3431,3,0,61.27,56.58,47.83,65.65,0.3739,1,2,62.92,53.71,68.39,61.11,0.3143,2,2,66.61,59.58,64.45,57.2,0
195,0.2565,4,2,59.46,62.87,57.86,62.86,0.3402,3,1,46.03,57.66,59.05,66.69,0.3353,3,1,64.2,66.02,60.06,59.66,0.4079,1,3,58.41,68.37,62.99,52.74,0.3168,3,2,68.46,63.48,59.71,68.86,0.5023,4,3,60.83,60.52,46.8,48.73,0.4234,5,2,49.92,55.66,58.93,55.01,1
196,0.4529,2,1,75.47,62.18,95.29,78.45,0.4184,1,3,71.71,82.43,71.57,76.37,0.3684,2,3,81.07,72.94,70.46,76.98,0.3475,2,3,75.54,76.69,88.87,66.78,0.4698,2,3,67.77,73.91,76.42,66.78,0.5583,3,3,66.85,59.94,66.96,64.54,0.529,3,1,72.59,62.7,65.86,80.27,1
197,0.1486,0,0,61.4,54.83,56.61,59.44,0.1391,1,1,54.71,67.37,59.11,53.42,0.1237,0,0,66.26,67.24,61.25,65.42,0.1082,1,0,62.15,65.64,58.4,56.64,0.1416,0,0,56.11,62.61,58.95,53.96,0.1767,1,0,64.94,56.04,63.73,60.9,0.1139,1,0,57.66,57.64,68.98,55.43,0
198,0.2433,3,1,71.0,69.89,82.86,77.16,0.2424,2,3,65.57,74.4,68.74,65.49,0.2349,2,1,80.93,77.25,73.22,74.99,0.2937,1,1,78.01,70.14,56.86,81.43,0.2846,1,0,83.66,78.65,74.33,76.84,0.2206,2,1,71.35,72.15,79.41,68.25,0.3414,2,3,68.37,68.87,73.1,75.64,0
199,0.3325,2,2,67.0,86.41,67.05,67.06,0.4083,3,1,77.22,78.74,72.11,67.17,0.2766,4,0,58.32,75.27,71.48,76.53,0.4136,3,0,67.55,78.42,63.08,61.87,0.3198,2,3,70.25,74.05,69.36,70.42,0.2071,1,2,76.46,75.44,80.55,80.17,0.281,2,2,67.89,80.11,80.09,70.14,0
200,0.183,1,1,88.65,82.23,92.46,97.77,0.122,1,0,100.0,100.0,85.37,87.06,0.2107,0,2,77.4,83.52,96.07,95.18,0.1792,1,2,84.0,90.44,100.0,74.87,0.2275,2,1,95.21,79.53,82.41,96.61,0.2913,0,0,83.84,94.96,95.12,86.54,0.1804,0,2,90.11,100.0,99.97,86.31,0
201,0.1855,2,2,74.9,66.42,79.49,85.22,0.1938,1,1,81.94,82.67,86.05,82.27,0.3046,0,1,77.92,84.44,76.53,86.8,0.2611,2,1,84.64,79.28,80.78,75.28,0.2752,1,0,84.47,85.99,69.48,84.61,0.2833,1,0,82.47,92.84,89.11,86.93,0.3153,2,1,83.93,77.12,88.2,71.1,0
202,0.4012,4,4,69.29,64.61,70.7,68.4,0.3713,3,3,66.53,69.71,73.2,80.26,0.358,3,3,76.32,89.25,74.52,81.89,0.3855,6,4,69.84,72.26,62.39,68.73,0.3115,3,3,78.56,80.49,88.35,79.29,0.4105,4,3,78.03,68.77,66.51,71.83,0.4713,2,1,66.63,87.08,74.99,71.45,0
203,0.2845,1,0,88.48,84.23,85.32,80.56,0.2536,3,3,74.59,65.39,67.37,73.8,0.2315,1,1,68.0,59.39,70.88,68.87,0.262,1,0,61.5,82.59,80.26,83.64,0.3448,2,1,69.47,71.2,70.01,70.55,0.3114,1,0,64.8,75.51,92.73,68.23,0.2367,2,1,70.03,63.2,69.57,78.64,0
204,0.1014,0,1,79.42,85.75,75.6,66.53,0.1768,1,2,73.18,68.88,76.9,81.5,0.21,1,2,69.21,78.14,70.0,63.64,0.2203,1,1,65.49,79.78,77.29,66.47,0.1683,1,2,72.37,67.4,82.37,71.89,0.2525,2,1,66.28,71.86,76.81,67.23,0.1787,1,2,68.21,83.2,60.36,76.32,0
205,0.2977,1,0,46.38,48.9,39.65,54.15,0.289,2,1,35.05,47.14,61.95,46.68,0.2462,2,1,59.28,58.34,47.69,34.35,0.223,3,0,44.85,49.1,47.95,52.05,0.2811,2,1,63.15,53.69,57.31,42.07,0.4418,2,0,43.42,34.7,53.1,51.27,0.3275,2,0,46.25,43.46,54.93,51.62,1
206,0.4111,3,3,55.6,46.88,51.8,48.17,0.5873,3,1,48.34,49.89,55.47,48.38,0.5106,3,2,44.11,50.39,51.93,50.99,0.5393,5,3,55.42,40.37,43.93,47.34,0.4457,1,4,67.02,65.78,51.35,61.71,0.4829,3,2,57.03,51.06,47.65,39.42,0.4553,5,4,33.95,62.43,49.32,41.72,1
207,0.2556,1,0,42.51,44.99,44.94,55.76,0.1726,1,0,45.91,53.11,60.14,43.43,0.1956,0,0,57.68,42.46,54.57,53.12,0.2948,2,0,47.53,50.47,49.87,43.44,0.3366,1,0,44.61,42.99,44.48,54.66,0.3956,2,0,38.97,42.4,49.67,42.16,0.2641,3,1,54.34,45.92,39.71,39.02,1
208,0.1031,0,0,67.29,47.4,55.14,53.13,0.2158,0,1,54.62,53.52,61.71,63.05,0.1071,1,0,54.01,61.57,58.08,60.08,0.1961,2,2,64.83,59.02,48.79,59.88,0.2136,2,0,57.71,58.85,57.96,48.94,0.2433,1,0,57.51,65.08,53.7,55.06,0.2919,0,0,52.31,51.19,51.76,56.37,0
209,0.4454,3,2,60.04,67.14,68.73,69.22,0.5633,4,2,68.0,57.88,60.8,62.01,0.4351,3,1,68.9,52.38,74.1,55.78,0.5095,3,3,55.86,64.01,51.26,65.83,0.4602,4,3,71.65,54.35,51.62,65.86,0.4971,2,3,62.61,65.29,69.12,67.75,0.5243,2,2,59.56,62.72,69.09,64.57,1
210,0.2277,2,1,75.07,60.94,62.96,55.17,0.3225,1,2,65.89,61.04,68.72,61.2,0.2743,1,2,58.06,65.56,62.24,77.84,0.2883,2,1,66.3,60.2,65.36,66.38,0.304,3,0,54.38,50.48,62.07,59.75,0.3768,2,1,53.35,64.32,57.44,57.67,0.2451,2,0,50.87,73.43,62.5,68.2,1
211,0.2626,2,0,60.52,79.44,68.0,77.34,0.3812,3,1,81.02,53.79,68.36,64.89,0.2549,2,3,88.34,74.3,62.49,77.39,0.3131,2,1,60.9,63.19,83.82,71.58,0.3552,3,1,72.15,52.88,65.38,53.13,0.2883,2,2,64.33,73.09,81.38,73.62,0.3693,2,1,67.55,77.64,67.4,68.51,0
212,0.1145,0,0,82.85,79.69,63.73,67.82,0.212,1,0,63.15,68.62,80.72,60.72,0.1419,1,1,70.05,74.61,59.29,72.22,0.2025,2,2,69.07,53.96,67.79,66.79,0.29,1,2,73.65,71.06,60.85,74.06,0.1278,2,2,72.17,79.04,71.3,70.21,0.3895,2,1,63.56,66.51,64.22,54.22,0
213,0.1941,3,2,57.58,59.6,59.98,61.25,0.2438,0,1,60.19,53.69,67.04,65.24,0.2624,2,1,52.66,52.99,54.59,57.68,0.3336,2,1,47.6,43.1,57.09,68.09,0.271,2,2,49.97,60.05,56.54,59.89,0.1617,2,1,49.7,54.4,55.68,69.53,0.3634,2,2,50.35,56.0,48.94,45.33,1
214,0.1263,1,0,70.67,80.25,63.27,76.24,0.1063,0,1,71.47,64.67,74.97,72.0,0.1666,1,0,68.61,70.42,58.71,72.03,0.1571,1,1,71.7,73.0,74.65,69.11,0.179,1,1,75.05,66.48,60.79,71.24,0.2067,3,1,68.48,65.58,57.92,64.02,0.2131,0,0,68.99,67.1,72.03,61.73,0
215,0.1661,0,1,61.33,68.35,65.61,59.66,0.202,0,1,68.94,60.98,80.08,56.23,0.175,0,0,69.52,69.79,69.9,54.16,0.1179,0,0,70.58,60.57,66.13,67.63,0.3063,2,0,56.64,49.7,59.02,71.2,0.1584,0,1,67.59,61.2,74.1,76.13,0.213,2,0,71.86,57.5,61.53,60.31,0
216,0.1839,0,1,88.02,88.81,79.37,93.86,0.3284,2,1,82.67,81.39,82.02,85.88,0.2036,1,2,91.01,90.66,85.59,81.74,0.2581,2,1,83.47,89.4,82.3,77.36,0.3504,3,3,89.03,73.95,77.83,75.72,0.3932,1,1,77.67,85.78,83.14,80.78,0.2524,1,2,84.72,85.49,82.81,88.44,0
217,0.3828,1,2,57.5,51.83,44.22,44.18,0.3899,3,3,53.27,37.29,44.94,49.02,0.437,4,2,38.32,56.71,48.93,45.17,0.4202,3,3,52.41,41.58,42.32,56.94,0.5377,3,1,44.33,41.18,36.09,52.26,0.4396,3,2,44.04,38.41,37.2,56.85,0.4405,4,4,39.33,43.15,52.9,40.95,1
218,0.1774,2,1,59.84,50.79,52.6,51.7,0.1813,3,1,55.8,43.18,59.0,64.43,0.2607,0,2,51.74,58.18,61.24,53.67,0.2166,1,2,57.34,63.23,61.47,64.33,0.2288,0,0,62.16,60.82,45.83,51.78,0.3003,0,0,61.2,59.92,60.1,58.47,0.2453,1,2,58.21,56.0,41.78,63.31,0
219,0.2468,3,2,75.48,76.45,76.29,59.29,0.3238,3,2,61.19,59.52,75.22,58.76,0.3276,3,2,64.49,79.14,65.01,71.36,0.3212,3,3,73.15,78.13,70.46,72.99,0.2876,2,4,75.64,65.37,60.78,81.78,0.3132,2,3,65.83,59.07,77.54,82.97,0.4086,2,0,66.14,61.66,67.43,73.78,0
220,0.1698,0,0,88.72,77.5,70.69,74.72,0.2175,0,0,88.41,76.22,83.2,85.14,0.1808,0,1,77.73,78.33,81.93,86.73,0.1597,0,0,83.58,75.18,95.12,69.89,0.138,1,0,65.12,61.8,69.81,80.98,0.1297,1,0,86.16,77.54,69.58,76.98,0.1017,0,0,70.77,82.38,73.29,74.96,0
